道,11078
不,8882
一,7969
了,7752
那,7516
我,7224
　,7033
是,6498
来,5994
他,5751
个,5704
行,5629
你,5522
的,5433
者,4989
有,4488
大,4230
得,3845
这,3807
上,3776
去,3699
见,3429
老,3412
人,3380
三,3360
在,3360
下,3044
子,2985
也,2945
僧,2858
里,2833
王,2714
天,2640
师,2622
之,2550
又,2499
着,2492
只,2490
说,2327
妖,2313
出,2296
八,2268
与,2238
头,2147
就,2093
此,2093
山,2060
却,2046
看,2039
儿,1993
将,1919
父,1896
好,1887
戒,1867
前,1839
门,1803
如,1802
无,1764
圣,1731
中,1717
把,1702
、,1698
打,1647
身,1637
时,1623
藏,1602
等,1594
小,1583
怪,1556
么,1546
心,1471
到,1450
唐,1442
何,1442
怎,1426
叫,1424
们,1419
长,1394
要,1387
金,1377
日,1374
手,1367
知,1358
孙,1358
言,1323
回,1310
两,1300
正,1297
走,1291
十,1285
家,1282
生,1282
二,1245
还,1215
处,1207
住,1201
神,1191
众,1186
都,1182
；,1182
弟,1177
声,1171
甚,1170
云,1151
马,1142
水,1125
沙,1109
方,1094
真,1092
今,1087
起,1077
空,1067
路,1063
些,1042
风,1042
精,1038
地,1033
四,1030
和,1023
教,1019
笑,1017
吃,1014
做,1000
即,993
听,991
可,987
自,979
多,978
为,968
拿,959
面,955
国,955
经,939
若,937
事,929
问,928
变,926
后,916
口,915
仙,909
过,908
开,906
西,903
果,889
相,888
然,879
魔,874
请,869
龙,867
闻,863
才,861
宝,855
且,847
取,838
尚,835
火,820
洞,816
当,813
年,798
菩,798
进,792
拜,789
萨,787
高,780
放,779
徒,775
至,768
佛,767
分,767
便,760
五,758
光,755
法,755
罢,753
莫,751
官,746
边,743
间,739
哩,737
花,727
敢,724
太,718
命,716
悟,715
曾,715
难,714
明,710
几,706
万,693
女,689
喜,689
往,688
外,684
千,683
会,680
本,679
猴,660
棒,648
东,645
公,640
被,629
名,628
坐,627
能,626
宫,620
原,620
气,610
早,608
入,606
作,602
使,597
倒,595
哥,588
乃,585
玉,583
兄,581
救,580
同,572
而,571
化,570
死,569
急,569
朝,567
般,565
爷,563
没,556
观,553
寻,549
收,549
再,546
用,545
念,539
百,535
土,535
径,528
定,527
齐,522
各,522
礼,521
意,516
先,515
主,514
话,513
白,509
似,506
物,503
战,502
但,502
海,501
星,499
眼,497
成,496
殿,495
半,495
对,492
解,492
想,491
安,490
动,488
以,487
城,485
因,485
衣,482
送,480
惊,477
转,476
兵,473
呆,471
性,469
尽,468
斗,465
谢,463
飞,458
君,458
内,456
已,456
香,456
快,451
满,445
报,443
铁,443
通,438
望,438
降,435
六,434
力,433
南,424
更,418
斋,418
啊,418
石,413
字,405
灵,404
怕,402
发,401
文,401
月,399
夜,399
近,398
随,396
认,391
数,388
忽,387
七,385
杀,384
未,384
跳,383
从,382
既,380
赶,379
少,376
九,376
帝,374
黄,372
须,370
故,369
弄,369
乱,368
迎,365
情,364
传,362
样,361
娘,361
落,360
善,357
亲,355
待,355
驾,354
向,352
合,352
远,351
清,351
虎,351
必,349
功,345
点,344
语,344
苦,342
管,340
红,340
直,340
慌,339
猪,337
实,337
色,336
暗,335
受,335
干,334
依,331
条,331
寺,330
树,330
母,328
求,324
接,324
象,324
音,323
俱,323
连,321
脱,321
细,321
旨,320
于,320
位,319
罗,319
喝,316
钯,315
根,315
脚,314
领,313
李,312
差,308
忙,308
假,307
睡,307
唤,306
嘴,306
恐,306
伤,305
卷,304
带,303
雨,303
奏,301
欢,301
酒,300
所,298
立,297
耳,297
河,294
鬼,293
毛,293
刀,293
奉,293
木,291
扯,289
贝,289
步,289
关,289
紧,287
毕,286
座,285
士,285
保,282
摇,279
张,279
府,278
阴,278
青,277
害,276
流,275
抬,274
留,274
牛,274
穿,272
胜,272
饭,272
罪,271
草,269
雷,268
恩,268
左,267
扇,267
称,267
遂,267
常,265
举,265
现,264
休,263
祖,263
界,262
童,261
呼,261
净,261
伏,261
重,260
世,260
归,259
脸,257
令,256
深,255
林,250
第,250
松,250
护,249
纵,246
散,245
轻,245
件,245
丹,244
皆,244
双,243
泼,243
理,242
丈,241
指,241
灯,241
排,241
场,240
破,240
撞,239
施,239
箍,238
顶,238
骂,238
应,237
楼,237
盘,236
捉,235
别,235
尊,234
许,234
阵,233
告,233
平,232
皇,232
雾,231
修,231
全,231
右,231
欲,229
古,228
容,228
器,227
夫,227
遇,227
响,226
曰,226
虽,226
引,225
贼,225
御,224
哭,224
肯,223
晚,223
婆,223
黑,222
烧,221
计,221
阳,221
旁,220
比,220
其,219
舍,219
离,218
觉,217
房,217
堂,216
元,216
皮,215
寿,214
轮,214
棍,214
彩,213
茶,213
绳,212
钻,211
怒,209
偷,208
银,208
台,208
强,207
复,207
活,207
凡,206
兢,206
臣,206
凶,205
持,205
邪,205
消,203
晓,203
杖,201
滚,200
恶,199
宗,199
枪,199
服,198
讲,197
丢,197
》,195
贫,195
按,195
《,195
信,194
翻,193
摆,193
咒,193
厮,193
幌,192
烟,192
诗,191
锦,191
奈,191
汉,190
药,190
腰,190
整,190
忍,190
失,190
唬,190
断,189
照,189
书,189
识,188
泪,188
贤,188
岁,188
首,186
久,185
跟,184
答,184
思,184
饶,183
桃,183
跑,181
造,180
结,180
姓,180
华,180
崖,180
遍,179
担,179
武,179
玄,179
推,179
题,178
禅,178
特,177
该,177
毫,176
叉,175
段,174
执,174
退,173
筋,173
钉,173
宿,172
虚,171
素,171
谁,171
跪,171
壁,171
败,171
挂,170
群,170
养,170
魂,170
威,170
陛,170
架,169
波,169
蒙,168
争,168
让,168
端,168
层,168
诸,168
广,167
布,167
索,166
模,166
院,165
换,165
掌,165
借,165
凤,164
耍,164
盖,164
尘,164
则,163
及,163
号,162
美,162
肉,162
乐,162
愿,162
跌,162
足,161
背,161
庄,160
嚷,159
牙,159
江,158
幸,158
部,158
列,158
包,158
食,158
并,157
裟,156
汝,156
岸,156
体,156
厢,155
袈,155
恼,155
挑,155
揭,154
交,154
侍,154
递,153
祥,153
呀,153
亦,153
陈,153
非,153
停,152
次,152
显,152
腾,151
旧,151
装,150
园,150
矣,149
吾,149
胆,149
飘,149
剑,148
利,148
昏,148
春,148
爱,148
供,147
登,147
涧,147
闹,146
寒,146
吹,146
慢,146
虫,145
闪,145
福,145
哄,144
呵,144
底,143
围,143
牵,143
鼓,142
骨,142
胡,142
遭,142
招,141
疼,141
塔,140
设,140
切,140
番,139
诚,139
狮,139
角,138
’,137
奔,137
妙,137
叩,137
荡,137
朕,136
紫,136
或,135
劳,135
筑,134
翠,134
恨,134
钱,134
野,133
助,133
低,133
节,132
买,132
顿,132
烦,132
德,132
参,132
擒,132
孩,131
息,131
咐,131
岭,131
慈,130
掣,130
抖,129
‘,129
鱼,129
吩,129
宴,129
悲,128
油,128
喷,127
柳,127
目,127
候,127
游,127
缘,127
冷,126
舞,126
仔,126
锁,126
止,126
扑,126
客,125
闲,125
绣,124
余,124
霄,124
静,124
肚,124
形,122
竹,122
北,122
妇,122
守,122
欺,122
饮,122
甲,122
貌,122
熟,122
岂,122
逢,121
郎,121
笼,121
量,121
章,121
丑,121
睛,121
叶,120
亭,120
阁,120
碎,119
感,119
爬,119
雄,119
帅,119
除,118
辞,118
度,118
军,118
痛,118
迟,117
灭,117
短,117
躲,116
妻,116
怜,116
班,116
启,116
刚,116
绝,116
提,116
捻,116
论,116
沉,115
珠,115
灾,115
卖,115
踏,115
祸,114
梦,114
共,114
焰,114
冲,114
驮,114
桥,114
匹,113
束,113
炼,113
新,113
宣,113
摸,113
备,113
影,113
牌,112
歇,112
托,112
兽,112
景,111
反,111
瓶,111
丝,111
莲,111
洗,111
员,111
渐,111
蒸,110
竟,110
献,110
池,110
粗,110
披,109
狼,109
期,109
峰,109
亏,109
钦,108
芦,108
势,107
缠,107
表,107
赐,107
极,106
孤,106
井,106
遮,106
扫,105
顾,105
辰,105
血,105
坡,105
砍,105
趁,105
治,105
惧,105
赌,105
怀,104
磕,104
刹,104
雪,104
证,104
疑,104
浪,104
咬,104
敌,104
喊,104
居,104
拾,104
赴,103
蓬,103
旗,103
顺,103
:,103
霞,103
劈,103
鹿,102
铺,102
句,102
隐,102
病,102
伸,102
醒,102
记,101
展,101
朵,101
逃,101
帘,101
昨,101
微,101
钢,100
街,100
猿,100
毒,100
男,99
捆,99
医,99
拔,99
块,99
吊,99
找,99
杯,98
幽,98
司,98
调,98
袖,98
软,98
乌,98
宽,97
学,97
折,97
鼻,97
伙,97
枝,97
压,97
锅,97
扶,97
炉,97
铃,96
查,96
胎,96
洲,95
赛,95
算,95
赤,95
决,95
摄,94
诀,94
奇,94
垂,94
民,94
船,94
投,94
孽,93
搭,93
抛,93
亮,93
躬,93
羊,93
狂,93
凭,93
浑,93
初,93
临,92
丞,92
程,92
温,92
济,92
汤,92
猛,92
露,92
扬,91
绕,91
英,91
陪,91
俗,91
错,91
铜,91
尖,91
奘,91
谛,90
葫,90
纷,90
粉,90
秋,90
异,90
每,90
泉,89
搀,89
驿,89
遥,89
拥,89
鸟,89
米,88
碗,88
席,88
撒,88
苍,87
哪,87
吒,87
啼,87
州,87
娇,87
歹,87
彀,87
巡,86
丁,86
替,86
拽,86
吟,86
封,86
良,86
畜,86
瞒,85
鸡,85
哉,85
滴,84
坏,84
鸣,84
洪,84
升,84
站,84
仇,83
幼,83
悄,83
梁,83
值,83
森,83
独,83
写,83
闭,83
倚,83
承,83
樵,82
巧,82
戴,82
拳,82
密,82
妈,82
皈,82
盛,82
锋,81
蓝,81
讨,81
片,81
捧,81
负,80
顽,80
团,80
乘,80
尺,80
蛇,80
致,80
户,80
瑞,80
秀,80
谈,79
绿,79
愁,79
尸,79
环,79
钟,79
唱,79
尾,78
齿,78
阎,78
麻,78
寡,78
误,78
夺,78
圆,78
任,78
兴,78
郡,77
蕊,77
床,77
抢,77
村,77
品,77
渡,77
狠,76
略,76
阿,76
监,76
7,76
厉,76
车,76
永,76
馆,75
朱,75
适,75
辨,75
冰,75
财,75
碧,74
伯,74
绑,74
刘,74
簇,74
稳,74
睁,74
挣,74
采,74
征,74
类,73
敬,73
柴,73
耶,73
藤,73
叙,73
禁,73
眉,73
臾,73
盏,72
拖,72
刺,72
阶,72
种,72
热,72
访,72
味,72
钵,72
摩,72
桌,72
混,72
鹤,71
周,71
勒,71
艳,71
避,71
谨,71
免,71
曹,71
腹,71
易,71
辟,70
搅,70
状,70
磨,70
抵,70
漫,70
宇,70
胸,70
忘,70
困,70
镇,70
加,69
吆,69
惟,69
阻,69
挡,69
寇,69
筵,69
劝,69
攒,69
办,69
判,68
忧,68
剥,68
途,68
翅,68
专,68
奶,68
吉,68
冠,67
悬,67
踪,67
聚,67
浮,67
柜,67
机,67
终,67
横,67
运,67
姐,67
残,67
积,67
芭,66
贵,66
抱,66
完,66
敲,66
改,66
廊,66
喏,66
累,66
存,66
越,65
瑶,65
叹,65
梅,65
窝,65
羞,65
伽,65
历,65
怨,65
亡,65
乡,65
禽,64
普,64
辈,64
昂,64
顷,64
驸,64
妆,64
蟠,64
针,64
田,64
迷,64
选,64
斧,64
袱,63
配,63
透,63
弥,63
蕉,63
菜,63
刻,63
拱,63
拴,63
兔,63
巴,63
试,63
总,63
迭,62
乾,62
盗,62
映,62
脑,62
孔,62
袍,62
妃,62
寸,61
勾,61
劫,61
烂,61
犯,61
货,61
寂,61
懒,61
套,61
揪,61
抓,61
料,60
猢,60
珍,60
图,60
返,60
营,60
鞭,60
添,60
盂,60
饥,60
豹,60
迹,60
赏,60
榜,59
纸,59
屏,59
险,59
由,59
演,59
颜,59
吞,59
抽,59
电,59
喇,59
忒,58
遵,58
帽,58
鞋,58
钩,58
轿,58
夸,58
项,58
刮,58
费,58
狲,58
稀,58
拐,58
乎,58
境,58
墙,58
辉,57
案,57
堪,57
拦,57
工,57
辛,57
狐,57
妹,57
屋,57
祭,57
巍,57
饱,57
8,57
窗,57
圈,57
兜,57
帖,57
坤,56
丛,56
冤,56
始,56
愚,56
吐,56
裙,56
厅,56
挺,56
追,56
鹰,56
斩,56
抹,56
商,56
壮,56
恕,56
舌,55
枯,55
贴,55
肠,55
弼,55
6,55
饿,55
损,55
曲,55
堆,55
尉,55
惹,55
銮,55
贺,55
瓜,55
佳,54
溜,54
搬,54
网,54
吓,54
穷,54
丘,54
灼,54
冒,54
陀,54
荒,54
板,54
峻,54
店,54
凉,54
霜,54
柄,53
占,53
振,53
埋,53
业,53
牒,53
娥,53
画,53
享,53
捏,53
插,53
宁,53
硬,53
庙,53
欠,53
魄,53
淋,53
骗,53
餐,52
鞍,52
约,52
焦,52
勿,52
贪,52
喧,52
延,52
甘,52
魏,52
倘,52
缚,52
代,52
欣,52
锺,51
骑,51
偏,51
禄,51
瓦,51
柱,51
丧,51
叮,51
泥,51
简,51
昼,51
淡,51
市,51
撑,51
肩,51
移,50
扭,50
友,50
凹,50
系,50
帐,50
罩,50
智,50
宵,50
迸,50
烈,50
洋,50
赢,50
犹,49
阔,49
超,49
坠,49
撇,49
谓,49
股,49
携,49
斤,49
哈,49
囊,49
夯,49
岩,48
诵,48
县,48
鼋,48
闯,48
阙,48
戏,48
载,48
省,48
凌,48
歌,48
杨,48
防,48
挨,48
最,47
逐,47
邦,47
较,47
捞,47
哼,47
捣,47
弓,47
义,47
盈,47
摘,46
俊,46
敖,46
攀,46
仰,46
侯,46
玩,46
拈,46
寝,46
柏,46
私,46
押,46
翁,46
裰,45
牢,45
闷,45
枉,45
拉,45
乖,45
召,45
输,45
含,45
箭,45
准,45
狱,45
晦,45
虑,45
具,44
疾,44
扛,44
唿,44
健,44
探,44
获,44
煮,44
荤,44
焚,44
尝,44
庭,44
婿,44
午,44
乞,43
锡,43
遣,43
漆,43
爪,43
竺,43
卿,43
坚,43
冬,43
己,43
霭,43
烘,43
猜,43
谷,43
线,42
酬,42
霎,42
腮,42
冥,42
D,42
扮,42
哀,42
建,42
讯,42
犬,42
孝,42
纳,42
吼,42
烛,42
砂,42
渔,41
术,41
支,41
雕,41
擞,41
倾,41
努,41
衙,41
授,41
斜,41
怠,41
惠,41
窟,41
侧,41
渺,41
严,41
宅,41
颗,41
志,41
盆,41
视,40
浆,40
彻,40
蹄,40
富,40
履,40
否,40
宰,40
艺,40
丽,40
鲜,40
捽,40
兰,40
氏,40
腿,40
渴,39
鸾,39
擅,39
权,39
杂,39
拘,39
悚,39
匣,39
肝,39
獐,39
咦,39
浓,39
鳞,39
污,39
刁,39
塞,39
绰,39
殷,39
嫂,39
鹅,39
敕,39
惨,39
荆,39
集,39
巨,38
掀,38
潜,38
彼,38
坛,38
丰,38
暖,38
脉,38
岳,38
馍,38
秉,38
桩,38
滑,38
灰,38
谋,38
仍,38
锤,38
嘤,37
纪,37
煎,37
泰,37
痴,37
嫌,37
付,37
嗔,37
议,37
巢,37
扳,37
蟹,37
产,37
株,37
凄,37
词,37
削,37
赞,36
锣,36
朗,36
诳,36
1,36
壶,36
浅,36
戟,36
单,36
搜,36
贬,36
龟,36
擎,36
犀,36
祝,36
示,36
皂,36
洒,36
袋,36
嘻,36
粮,36
默,36
弃,36
掩,36
隔,35
暴,35
仪,35
贯,35
丫,35
5,35
庶,35
球,35
注,35
绵,35
际,35
厚,35
旋,35
源,35
雀,35
纱,35
奴,35
毗,35
俯,35
帮,35
逞,35
裹,35
释,35
唇,35
典,34
巾,34
拂,34
簿,34
恭,34
诉,34
粒,34
堕,34
剪,34
夏,34
璃,34
催,34
汪,34
浴,34
衔,34
噫,34
庆,34
耐,34
穴,34
凝,34
虾,34
梢,34
漠,34
拨,34
崔,33
饼,33
竿,33
印,33
嫔,33
勤,33
怯,33
豪,33
弹,33
斟,33
讫,33
仗,33
邀,33
属,33
职,33
檐,33
卫,33
川,33
缰,33
砖,33
漏,33
校,33
掼,33
策,33
竖,33
况,33
刷,32
像,32
零,32
邻,32
杵,32
衬,32
赖,32
叔,32
芳,32
咽,32
臂,32
0,32
溪,32
撺,32
僮,32
勇,32
史,32
—,32
笔,32
耀,31
薄,31
违,31
庵,31
缓,31
拙,31
鬓,31
躯,31
窍,31
卧,31
扎,31
愈,31
踢,31
仁,31
达,31
扣,31
谎,31
赡,31
攻,31
吸,30
惫,30
斯,30
逍,30
茫,30
陷,30
蹲,30
躧,30
眠,30
绦,30
拆,30
祷,30
鼍,30
棘,30
叨,30
雅,30
鸦,30
埃,30
赦,30
旌,30
割,30
耸,30
斑,30
熬,30
丸,30
逼,30
伶,30
侵,29
疏,29
镜,29
嫩,29
姿,29
陡,29
检,29
盔,29
芝,29
冻,29
卦,29
*,29
涯,29
3,29
夹,29
葛,29
蜜,29
格,29
蝇,29
4,29
截,29
律,29
萝,29
铙,29
制,29
剖,29
噙,29
缝,29
9,29
舒,29
荣,29
潺,29
置,29
蟒,29
涌,29
驼,28
偶,28
固,28
羽,28
垢,28
札,28
匠,28
辇,28
尼,28
狸,28
晴,28
哨,28
衫,28
篷,28
蝉,28
缸,28
潭,28
曜,28
琼,28
杏,28
颈,28
乒,28
挽,28
染,28
给,28
傲,28
熊,28
壑,27
梆,27
陋,27
黎,27
播,27
徐,27
擂,27
验,27
颠,27
撮,27
2,27
促,27
幢,27
激,27
屈,27
鲁,27
郁,27
宜,27
跨,27
咄,27
副,27
晶,27
速,27
坊,27
絮,27
率,27
凛,27
晒,27
叟,27
暑,27
械,26
符,26
社,26
贱,26
豆,26
蛟,26
灶,26
跃,26
酥,26
砌,26
泄,26
舟,26
夷,26
邓,26
脊,26
瘦,26
厨,26
幡,26
派,26
悠,26
惶,26
补,26
族,26
扢,26
润,26
察,26
捎,26
刃,26
虔,26
弯,26
慧,26
障,26
婚,26
栏,26
滔,25
妨,25
眷,25
燥,25
醉,25
爽,25
碍,25
刑,25
飕,25
觅,25
杆,25
楚,25
膊,25
纠,25
蹬,25
捶,25
乓,25
湾,25
弱,25
迦,25
朋,25
靴,25
突,25
吵,25
涉,24
峨,24
惜,24
灌,24
缩,24
痒,24
委,24
挝,24
祈,24
檀,24
鲤,24
哑,24
敛,24
戈,24
椅,24
汗,24
昆,24
哮,24
枣,24
婴,24
祇,24
雁,24
．,24
价,24
昧,24
湖,24
朦,24
琉,23
基,23
伴,23
掬,23
胖,23
飒,23
蜂,23
潇,23
靠,23
倦,23
击,23
捱,23
辘,23
爹,23
嚼,23
傩,23
俐,23
篮,23
狗,23
辔,23
沾,23
额,23
苏,23
款,23
鼠,23
揣,23
聒,23
核,23
脓,23
擦,23
萧,23
扰,23
妄,23
贞,22
髻,22
务,22
窿,22
罕,22
舅,22
毂,22
概,22
笋,22
剿,22
限,22
诈,22
遗,22
读,22
栽,22
剁,22
岛,22
搠,22
沐,22
誓,22
襕,22
伺,22
…,22
桶,22
亚,22
悦,22
澄,22
磬,22
习,22
潮,22
轩,22
衰,21
煌,21
缕,21
区,21
茅,21
拄,21
绒,21
猎,21
审,21
育,21
充,21
另,21
峥,21
裂,21
姻,21
馥,21
秤,21
嵘,21
诛,21
歪,21
哗,21
搧,21
噪,21
玲,21
惑,21
巅,21
预,21
蔼,21
材,21
铲,21
臭,20
秽,20
裳,20
殊,20
雌,20
悯,20
酸,20
暂,20
胧,20
弦,20
婢,20
喘,20
塌,20
磷,20
侮,20
乙,20
洁,20
膳,20
挟,20
燕,20
奖,20
酱,20
鳜,20
昔,20
棋,20
帚,20
域,20
申,20
捕,20
鳖,20
珑,20
联,20
绫,20
忠,20
崩,19
秦,19
晃,19
墨,19
隍,19
惯,19
巽,19
祠,19
莱,19
赚,19
窄,19
抟,19
呐,19
盼,19
脏,19
肴,19
瞻,19
蒲,19
恋,19
榻,19
鹊,19
遁,19
卒,19
皘,19
缥,19
科,19
竭,19
糊,19
肥,19
芽,19
瑀,19
晌,19
灿,19
射,19
诺,19
尿,19
宙,19
悔,19
录,18
缈,18
啸,18
脂,18
吏,18
盹,18
泛,18
蟭,18
据,18
熏,18
钓,18
栖,18
蟟,18
稍,18
库,18
恳,18
杰,18
规,18
诏,18
拢,18
荷,18
泾,18
患,18
炮,18
喂,18
勘,18
竞,18
谐,18
韵,18
趣,18
浸,18
庚,18
危,18
耽,18
苔,18
编,18
澡,18
蜻,18
茂,17
渊,17
瓣,17
傍,17
缨,17
皎,17
暮,17
钺,17
荫,17
拯,17
烹,17
炎,17
呢,17
轰,17
骷,17
裁,17
艰,17
廷,17
锐,17
淫,17
骸,17
臊,17
坑,17
淬,17
麟,17
允,17
缴,17
凑,17
嘘,17
沿,17
滩,17
谦,17
增,17
圭,17
卯,17
党,17
剃,17
腥,17
控,17
滞,17
沌,17
喉,17
枕,17
俏,17
唵,17
陆,17
央,17
措,17
秃,17
凳,17
甜,17
褊,16
苗,16
克,16
哏,16
揖,16
糖,16
唏,16
梳,16
渰,16
绽,16
麒,16
仆,16
孜,16
喨,16
膝,16
痕,16
优,16
资,16
霓,16
奎,16
剔,16
屠,16
旱,16
屡,16
盐,16
罡,16
附,16
乔,16
篇,16
详,16
腔,16
织,16
鬟,16
滋,16
钗,16
伐,16
栋,16
瀛,16
队,16
逆,16
腐,16
卜,16
陵,16
腻,16
唳,16
佯,16
卵,16
髅,16
寄,16
乍,16
皱,16
鬃,16
绊,15
卢,15
诲,15
峦,15
蔬,15
鹦,15
鹏,15
赃,15
淘,15
炒,15
操,15
尔,15
揉,15
袄,15
辖,15
贩,15
触,15
浩,15
维,15
腌,15
獠,15
壳,15
挫,15
囫,15
蝶,15
搂,15
囵,15
颂,15
蜓,15
靛,15
魅,15
跷,15
毁,15
窃,15
介,15
哝,15
津,15
睬,14
铸,14
媒,14
骁,14
渎,14
彪,14
辣,14
糕,14
绩,14
趱,14
戚,14
瞌,14
辱,14
琢,14
榴,14
浇,14
崎,14
揝,14
恰,14
饰,14
侄,14
京,14
毡,14
康,14
猖,14
猕,14
室,14
禀,14
聊,14
湿,14
颇,14
桧,14
炭,14
瘟,14
虹,14
棺,14
忆,14
膏,14
涎,14
朔,14
芒,14
坟,14
嗟,14
冉,14
寅,14
鉴,14
贡,14
燎,14
笙,14
嘱,14
姑,13
厄,13
槛,13
踵,13
浊,13
坎,13
诱,13
乳,13
赵,13
袭,13
垣,13
衲,13
-,13
肃,13
墩,13
叆,13
琶,13
馕,13
劣,13
琵,13
昴,13
妪,13
液,13
蚁,13
辅,13
蛛,13
迅,13
惭,13
鼎,13
髯,13
垓,13
梭,13
桂,13
揩,13
蛾,13
谬,13
猩,13
愆,13
巳,13
蘸,13
糟,13
篱,13
嵌,13
梨,13
销,13
挤,13
锯,13
拣,13
谒,13
泽,13
询,13
篁,13
溺,13
嘉,13
涤,13
愧,13
觌,13
妾,13
岖,13
卉,13
剩,13
枚,12
鸿,12
契,12
频,12
胁,12
柯,12
沟,12
鼾,12
苫,12
标,12
弘,12
甥,12
狡,12
仑,12
聋,12
涛,12
昭,12
碑,12
陶,12
卸,12
纤,12
稷,12
缤,12
濯,12
碌,12
舀,12
槃,12
匾,12
腊,12
籍,12
奸,12
啃,12
桑,12
苑,12
矮,12
啯,12
慎,12
鄙,12
挥,12
描,12
剜,12
褪,12
佑,12
磁,12
纯,12
绛,12
锉,12
搓,12
填,12
罄,12
柿,12
馀,12
晕,12
柔,12
猱,12
益,12
掐,12
嵯,12
耕,12
摧,12
蓼,12
胀,11
搁,11
蹊,11
馐,11
爆,11
旅,11
咤,11
霹,11
樱,11
扁,11
嫦,11
蛮,11
继,11
诊,11
棂,11
麦,11
簪,11
寨,11
僻,11
级,11
奋,11
骋,11
琪,11
垒,11
罐,11
苟,11
菊,11
杜,11
蹈,11
堤,11
蹡,11
兕,11
敝,11
躁,11
掳,11
襟,11
凿,11
扉,11
藜,11
棹,11
缺,11
獬,11
怡,11
涨,11
瑙,11
祛,11
仓,11
龄,11
迓,11
肢,11
猫,11
弩,11
融,11
羡,11
菲,11
伦,11
锭,11
沼,11
旷,11
匝,11
撩,11
牲,11
责,11
叱,11
雳,11
夭,11
玛,11
绮,11
塘,11
趋,11
槐,11
琴,11
泡,11
爵,11
籁,11
均,11
肿,11
嘛,11
酌,11
勉,11
幔,10
废,10
醋,10
椰,10
钹,10
凋,10
汞,10
棱,10
倍,10
呜,10
萄,10
伞,10
翩,10
箫,10
蜘,10
玻,10
胭,10
熌,10
雏,10
拚,10
倏,10
宾,10
湛,10
翘,10
掷,10
末,10
瓢,10
惰,10
淅,10
翎,10
畔,10
梃,10
碓,10
呻,10
珪,10
筏,10
葱,10
援,10
梯,10
迁,10
赭,10
挈,10
觑,10
统,10
拷,10
涓,10
槽,10
肌,10
鸳,10
啄,10
筛,10
博,10
络,10
枷,10
矗,10
纲,10
鲇,10
帛,10
蜡,10
课,10
减,10
粘,10
斓,10
蚕,10
藓,10
糙,10
练,10
幅,10
讶,10
蠢,10
荐,10
癞,10
猊,10
咛,10
局,10
迍,10
焉,10
犴,10
酉,10
迢,10
麂,10
震,10
撼,10
忖,10
隆,10
繁,10
偿,9
蕙,9
稽,9
馨,9
噤,9
妒,9
稻,9
氛,9
芥,9
睹,9
牡,9
噹,9
颓,9
铠,9
酣,9
踊,9
槌,9
著,9
篾,9
芙,9
氲,9
棵,9
训,9
魉,9
魍,9
菇,9
蓉,9
禹,9
妍,9
狻,9
骡,9
笠,9
郭,9
跄,9
碣,9
沫,9
蹭,9
阐,9
翡,9
鳌,9
筹,9
绡,9
馒,9
巷,9
哽,9
唧,9
虱,9
芍,9
咳,9
梧,9
晏,9
窑,9
烬,9
娆,9
挠,9
掠,9
莺,9
桓,9
踉,9
沦,9
葡,9
莎,9
煅,9
寞,9
佐,9
棕,9
厘,9
泣,9
墀,9
辄,9
蔓,9
劲,9
飖,9
蒿,9
藕,9
屯,9
搪,9
嫁,9
屁,9
煞,9
缭,9
朽,9
亢,9
薜,9
鹭,9
闰,9
蔽,9
珮,9
吝,9
态,9
敧,9
钞,8
馅,8
佇,8
厌,8
恁,8
裆,8
剌,8
塑,8
狢,8
粥,8
灞,8
躘,8
督,8
咋,8
箕,8
逸,8
抄,8
孕,8
氅,8
偎,8
刽,8
柬,8
髓,8
辆,8
讳,8
债,8
镌,8
馔,8
蛰,8
序,8
唾,8
逻,8
怆,8
忏,8
肆,8
剐,8
栗,8
亘,8
纹,8
嘶,8
谅,8
瓮,8
杳,8
骏,8
姹,8
骤,8
珊,8
汁,8
懈,8
季,8
骇,8
亿,8
兀,8
揌,8
萤,8
箱,8
桠,8
睮,8
撤,8
庞,8
绞,8
□,8
赘,8
袁,8
沧,8
匙,8
肺,8
祟,8
钳,8
莽,8
腑,8
棠,8
亥,8
喳,8
嗳,8
凰,8
袅,8
逊,8
晨,8
创,8
侣,8
彘,8
衢,8
农,8
测,8
皓,8
驯,8
慨,8
续,8
媚,8
奥,8
鹫,8
蘑,8
陌,8
覆,7
循,7
祐,7
忿,7
帕,7
绪,7
导,7
菁,7
袜,7
螃,7
娑,7
畏,7
栈,7
吠,7
楞,7
酆,7
墓,7
抚,7
碾,7
览,7
姨,7
葬,7
夕,7
颔,7
奕,7
箓,7
枫,7
烁,7
俸,7
舜,7
皿,7
淙,7
敞,7
鸭,7
淮,7
仅,7
效,7
瀑,7
搴,7
虞,7
暇,7
茵,7
笤,7
啐,7
蝎,7
绢,7
麋,7
瞑,7
挞,7
涂,7
颤,7
殃,7
诃,7
辕,7
娜,7
【,7
篆,7
姆,7
禾,7
咙,7
质,7
拍,7
椒,7
涕,7
畅,7
铅,7
瑚,7
鹞,7
劖,7
恍,7
豕,7
驱,7
羁,7
蜢,7
耻,7
醮,7
挎,7
黛,7
沽,7
崇,7
翰,7
塵,7
批,7
囟,7
鸯,7
邱,7
】,7
弈,7
葩,7
檄,7
氤,7
兮,7
驴,7
钧,7
窖,7
政,7
糠,7
涅,7
岫,7
挪,7
偈,7
叵,7
槎,7
牟,7
旦,7
鹂,7
秘,7
觥,7
嶂,7
狈,7
赍,7
淌,7
姚,7
掯,7
砚,7
串,7
聪,7
抗,6
艾,6
伪,6
蚂,6
怖,6
旃,6
罔,6
贾,6
嚣,6
蜈,6
践,6
宦,6
懂,6
蒜,6
蜃,6
嘹,6
迈,6
寐,6
胃,6
缃,6
睦,6
泱,6
犺,6
屑,6
腕,6
翼,6
蝼,6
掮,6
漱,6
誉,6
栊,6
估,6
梵,6
肤,6
俟,6
帏,6
咨,6
划,6
彤,6
蚊,6
鸥,6
忤,6
邅,6
菱,6
铎,6
役,6
裤,6
獗,6
舆,6
膂,6
究,6
吕,6
瑕,6
葵,6
嗛,6
赁,6
艮,6
荧,6
捡,6
煨,6
忌,6
盒,6
胞,6
獾,6
鬣,6
箸,6
酿,6
徵,6
捍,6
裘,6
谣,6
罴,6
芋,6
蚣,6
锻,6
攥,6
佩,6
锄,6
亩,6
漓,6
谕,6
姜,6
瘴,6
麝,6
嚎,6
缆,6
姊,6
傅,6
胯,6
茸,6
叠,6
嫉,6
堵,6
哂,6
魇,6
觔,6
奠,6
罚,6
迥,6
淹,6
嚏,6
叇,6
扒,6
臻,6
衡,6
嘈,6
薪,6
沥,6
痨,6
疴,6
募,6
谤,6
蓑,6
荔,6
赠,6
惩,6
咆,6
軃,6
霆,6
钥,6
篙,6
韩,6
哺,6
疲,6
耿,6
垛,6
峭,6
狞,6
庸,5
戗,5
咸,5
伟,5
澜,5
幕,5
翔,5
蜀,5
贻,5
瞎,5
耗,5
魀,5
琥,5
躇,5
镶,5
卺,5
考,5
恃,5
觞,5
煼,5
兹,5
沱,5
艇,5
协,5
尧,5
扠,5
庑,5
嶒,5
脯,5
懊,5
樗,5
犼,5
牧,5
砑,5
溅,5
膛,5
聆,5
屎,5
蝴,5
诬,5
儒,5
尤,5
矩,5
厦,5
兆,5
卑,5
啕,5
囚,5
娶,5
缢,5
楮,5
储,5
汲,5
蠙,5
滂,5
哦,5
驰,5
醪,5
貂,5
湲,5
馁,5
橙,5
穹,5
戌,5
涩,5
讽,5
仿,5
厂,5
蚤,5
隅,5
殄,5
攸,5
绷,5
簸,5
跋,5
椽,5
旺,5
匀,5
冗,5
隙,5
廉,5
珀,5
坂,5
偃,5
痖,5
囔,5
燃,5
呖,5
衾,5
瑁,5
镫,5
媳,5
坦,5
渭,5
啭,5
饵,5
轳,5
蕈,5
椿,5
呈,5
豸,5
魑,5
肐,5
奁,5
锈,5
脐,5
祀,5
餂,5
吴,5
魁,5
鹃,5
韬,5
蟾,5
唆,5
踌,5
脾,5
虼,5
疆,5
枒,5
纬,5
萦,5
圜,5
秾,5
伫,5
讹,5
萼,5
版,5
瑜,5
搽,5
窕,5
慕,5
缎,5
玳,5
诣,5
庖,5
绶,5
伊,4
溟,4
掭,4
爻,4
汹,4
榛,4
鸪,4
玷,4
轴,4
疥,4
叭,4
匡,4
婷,4
闺,4
悭,4
霸,4
秧,4
蹉,4
峪,4
恒,4
崒,4
尻,4
鹧,4
纽,4
蛭,4
锟,4
舂,4
谜,4
胄,4
诞,4
幻,4
蹙,4
湘,4
戮,4
纶,4
蒂,4
姬,4
掘,4
脆,4
娄,4
薇,4
腆,4
馋,4
挜,4
糜,4
肱,4
朴,4
谙,4
骢,4
窈,4
楫,4
仃,4
曳,4
函,4
宋,4
宠,4
羸,4
希,4
宥,4
楠,4
懞,4
烨,4
嗅,4
廓,4
耙,4
悉,4
酪,4
懵,4
嗽,4
鲌,4
薛,4
戳,4
衕,4
缉,4
吽,4
桅,4
黍,4
弊,4
晤,4
鯾,4
鲸,4
窜,4
螺,4
狭,4
樽,4
坯,4
辩,4
漾,4
届,4
）,4
纭,4
哜,4
（,4
纻,4
荠,4
翳,4
摺,4
笛,4
痰,4
娱,4
哇,4
鹉,4
捋,4
牖,4
昌,4
梓,4
忝,4
枢,4
韂,4
粱,4
禳,4
焃,4
孟,4
矬,4
萌,4
霖,4
碟,4
靖,4
恤,4
蘋,4
蒺,4
晋,4
芹,4
租,4
凯,4
娉,4
榔,4
磊,4
敷,4
穗,4
荼,4
颖,4
涸,4
拒,4
搔,4
崚,4
桨,4
植,4
榆,4
瑟,4
雉,4
蜍,4
拑,4
皤,4
岚,4
杓,4
跤,4
楷,4
雇,4
阇,4
鐏,4
捐,4
犊,4
赋,4
藐,4
嵂,4
睆,4
虐,4
苓,4
缁,4
娃,4
郊,4
阆,4
矛,4
择,4
僵,4
炊,4
醴,4
饯,4
缪,3
稼,3
巩,3
箝,3
茭,3
鋘,3
括,3
攘,3
亵,3
煠,3
仵,3
髽,3
咎,3
堑,3
悖,3
臀,3
骝,3
湍,3
赊,3
筒,3
靦,3
咏,3
茯,3
鸨,3
涵,3
冢,3
砧,3
驻,3
筐,3
蛙,3
仞,3
饧,3
枭,3
虬,3
宪,3
矢,3
晾,3
茄,3
樊,3
卤,3
茉,3
牺,3
誊,3
恙,3
勣,3
庐,3
卮,3
淄,3
尴,3
寓,3
晖,3
煤,3
范,3
鞠,3
隶,3
惚,3
荻,3
旬,3
尪,3
遐,3
俚,3
揲,3
倨,3
掇,3
纥,3
荜,3
蘼,3
式,3
堡,3
纺,3
屹,3
羹,3
钿,3
泯,3
窠,3
谯,3
芰,3
峤,3
绸,3
唣,3
扆,3
兼,3
址,3
鴏,3
挛,3
笊,3
鐄,3
汀,3
紊,3
蠃,3
狔,3
忻,3
沁,3
熄,3
瞧,3
炷,3
蜇,3
笏,3
簌,3
璧,3
祯,3
钤,3
鳷,3
媾,3
谗,3
什,3
蟆,3
窥,3
狨,3
惴,3
抉,3
豝,3
鸶,3
岱,3
〕,3
需,3
诘,3
棚,3
瞅,3
疙,3
桐,3
咿,3
啅,3
嬝,3
拌,3
蛤,3
喃,3
贮,3
槁,3
阅,3
苇,3
圯,3
屉,3
徉,3
蓏,3
菡,3
瓯,3
悴,3
萏,3
抠,3
踞,3
宛,3
榧,3
疯,3
赔,3
圃,3
吅,3
骆,3
鞘,3
唯,3
盲,3
硝,3
寰,3
庇,3
泻,3
蹼,3
〔,3
恣,3
掏,3
鲮,3
吁,3
骊,3
粪,3
蛋,3
鱑,3
裔,3
垫,3
杠,3
魈,3
蓍,3
髭,3
槿,3
咂,3
骘,3
够,3
蔷,3
揸,3
侥,3
衠,3
沸,3
肖,3
俺,3
鹚,3
眸,3
茧,3
箬,3
菾,3
缀,3
挦,3
浦,3
糯,3
暨,3
泊,3
旄,3
孀,3
轸,3
豺,3
牯,3
拗,3
徭,3
褒,3
敦,3
闱,3
瑰,3
伍,3
恓,3
曼,3
笃,3
茔,3
稚,3
航,3
镰,3
藻,3
傞,3
鲭,3
嗒,3
卞,3
揾,3
颅,3
例,3
钝,3
檎,3
帔,2
瞥,2
翕,2
睺,2
掂,2
喙,2
菂,2
绔,2
酡,2
箧,2
缯,2
箪,2
蹅,2
嗣,2
拭,2
娼,2
蜗,2
霏,2
羔,2
曙,2
猷,2
疸,2
蕃,2
闸,2
挖,2
勋,2
抑,2
培,2
伉,2
腭,2
柮,2
镯,2
蓦,2
昙,2
疤,2
骦,2
俦,2
觜,2
嗤,2
鲨,2
劬,2
嫡,2
谴,2
乜,2
肘,2
猥,2
笞,2
蕴,2
谆,2
袂,2
骕,2
斫,2
贰,2
券,2
湅,2
票,2
噀,2
箔,2
膘,2
匆,2
谱,2
仲,2
桔,2
皋,2
睖,2
涝,2
锢,2
虀,2
詈,2
佞,2
漉,2
赓,2
醺,2
蛀,2
铊,2
褴,2
粽,2
箨,2
饷,2
逶,2
葭,2
畿,2
倈,2
辍,2
毯,2
喑,2
琐,2
芜,2
淳,2
[,2
熳,2
齑,2
屣,2
縺,2
嗓,2
潠,2
譬,2
癫,2
醐,2
犒,2
缟,2
韶,2
陕,2
眺,2
靿,2
链,2
谄,2
玑,2
霾,2
奢,2
俭,2
阖,2
殖,2
姢,2
诡,2
棬,2
搊,2
鲥,2
炽,2
玎,2
灒,2
哕,2
镔,2
燧,2
洼,2
趄,2
瓠,2
丙,2
膜,2
咪,2
],2
篓,2
菰,2
遽,2
厕,2
刬,2
橄,2
醍,2
寥,2
畦,2
遨,2
鍪,2
杲,2
铭,2
渗,2
帷,2
罍,2
颧,2
酩,2
枇,2
貉,2
怅,2
绍,2
呦,2
靼,2
姮,2
倩,2
评,2
赫,2
啻,2
掉,2
颏,2
冕,2
刨,2
鲲,2
握,2
芤,2
泗,2
橘,2
禺,2
嶷,2
耘,2
讴,2
榄,2
砥,2
枰,2
卓,2
柰,2
肋,2
竦,2
巉,2
烫,2
瀼,2
鲈,2
漕,2
疮,2
虏,2
旻,2
董,2
獭,2
鏖,2
犭,2
娲,2
蒹,2
剂,2
渍,2
澌,2
傻,2
圞,2
汾,2
钮,2
赎,2
粟,2
盟,2
苋,2
嘎,2
熙,2
愍,2
貔,2
眙,2
亨,2
犁,2
爇,2
玫,2
谪,2
唉,2
嫱,2
孰,2
很,2
楟,2
迩,2
敏,2
拶,2
氐,2
榾,2
媸,2
嘬,2
淤,2
鞑,2
噬,2
咀,2
岗,2
裀,2
蚌,2
栓,2
娟,2
穰,2
迫,2
琅,2
呕,2
鲊,2
跬,2
烙,2
裩,2
槅,2
驷,2
轧,2
婵,2
杷,2
恹,2
嶝,2
荞,2
齆,2
翱,2
麾,2
嬉,2
骈,2
珰,2
贽,2
磴,2
簧,2
戎,2
殓,2
疗,2
瘖,2
熯,2
蟋,2
诓,2
翛,2
蝠,2
彰,2
苹,2
浼,2
醄,2
萍,2
蒭,2
晡,2
惺,2
狤,2
褶,2
駔,2
嗉,2
滥,2
黯,2
羚,2
订,2
帜,2
芊,2
獝,2
佥,2
懦,2
酕,2
颁,2
騂,2
阊,2
膻,2
驹,2
欷,2
痈,2
Q,2
绚,2
迤,2
蕖,2
蚓,2
遏,2
酲,2
檠,2
痊,2
赥,2
翮,2
狰,2
衷,2
酷,2
搲,2
鳅,2
僝,2
蛩,2
畴,2
藿,2
辜,2
佣,2
睳,2
舔,2
炳,2
铛,2
夙,2
霁,2
殡,2
噇,2
稠,2
絯,2
裸,2
骅,2
笄,2
爊,2
谶,2
郑,2
漷,2
肾,2
菔,2
咇,2
僽,2
篡,2
哃,2
酊,2
爨,2
筮,2
欹,2
齁,2
锥,2
壅,2
谏,2
盱,2
懿,2
憔,2
哲,2
溶,2
某,2
Z,1
唎,1
馑,1
袛,1
予,1
蚯,1
臁,1
鱨,1
蹴,1
暄,1
猍,1
儡,1
殒,1
磐,1
俎,1
嵩,1
骄,1
酝,1
鲳,1
羿,1
窊,1
皐,1
赈,1
荬,1
绎,1
膀,1
褛,1
逾,1
综,1
泞,1
鞒,1
驽,1
薅,1
麓,1
麖,1
毬,1
删,1
膭,1
蒯,1
邷,1
铣,1
鸽,1
恬,1
癸,1
罾,1
骐,1
帓,1
警,1
蓄,1
蝙,1
楝,1
,1
榇,1
傀,1
谊,1
渤,1
趟,1
澳,1
蠲,1
徊,1
滉,1
汊,1
颐,1
揫,1
迳,1
玠,1
箴,1
饳,1
谵,1
涴,1
摊,1
穑,1
钏,1
柘,1
诰,1
龚,1
駼,1
绾,1
騔,1
沛,1
妩,1
抒,1
鲻,1
隋,1
倐,1
癀,1
聘,1
茎,1
瑠,1
灸,1
霍,1
搫,1
墟,1
骠,1
炸,1
睍,1
汛,1
杭,1
龈,1
抅,1
喋,1
岑,1
妓,1
唠,1
筝,1
砾,1
蓁,1
雍,1
菖,1
婪,1
騕,1
吮,1
洛,1
悮,1
咶,1
惮,1
凸,1
勺,1
羑,1
莙,1
距,1
忑,1
潦,1
旭,1
牸,1
签,1
蹋,1
撬,1
/,1
豇,1
歉,1
荙,1
烤,1
祗,1
刎,1
傥,1
淇,1
籥,1
槟,1
辿,1
琗,1
蔗,1
阡,1
倥,1
娩,1
狎,1
鹑,1
忐,1
硕,1
菘,1
埠,1
述,1
沃,1
芫,1
盞,1
嵎,1
獒,1
翥,1
溲,1
啾,1
怛,1
港,1
膨,1
兑,1
浙,1
闾,1
昊,1
邑,1
铩,1
阕,1
瞔,1
俄,1
荇,1
鹌,1
鹥,1
剽,1
殁,1
茆,1
嚓,1
騠,1
冽,1
鳏,1
杞,1
铿,1
戛,1
眩,1
褭,1
柞,1
貅,1
冯,1
愉,1
潘,1
豚,1
筠,1
侪,1
瘩,1
舱,1
佃,1
姌,1
弭,1
捘,1
濛,1
赜,1
瞽,1
瘼,1
儾,1
泫,1
孺,1
辂,1
庾,1
锚,1
樯,1
鲫,1
㳠,1
戊,1
宏,1
阒,1
斛,1
骥,1
趫,1
孛,1
茴,1
篏,1
矧,1
拟,1
羌,1
盅,1
萱,1
舵,1
莴,1
拊,1
译,1
偌,1
埂,1
嫖,1
噘,1
巫,1
斝,1
皻,1
曛,1
嫣,1
拇,1
焕,1
蘛,1
吧,1
餪,1
杉,1
霉,1
揞,1
黠,1
壤,1
杈,1
慵,1
鲍,1
阑,1
夤,1
嘲,1
砺,1
绘,1
蹍,1
俫,1
蛱,1
壬,1
栅,1
駃,1
窎,1
嘑,1
熔,1
隘,1
蹱,1
確,1
蛆,1
苞,1
炬,1
沓,1
碛,1
炫,1
键,1
堰,1
蛏,1
泓,1
汨,1
啮,1
诽,1
铄,1
趾,1
翊,1
俪,1
薤,1
炁,1
褐,1
琮,1
鬏,1
毧,1
澹,1
凫,1
鞄,1
丕,1
炖,1
蟮,1
鹄,1
欧,1
谩,1
鹳,1
讼,1
筇,1
腋,1
溢,1
鄂,1
笆,1
豁,1
薰,1
爰,1
瘢,1
酾,1
橐,1
￥,1
饲,1
籴,1
猁,1
阃,1
鮆,1
麈,1
逗,1
漩,1
妲,1
癃,1
菽,1
囒,1
猾,1
薏,1
薯,1
琚,1
阮,1
秇,1
苡,1
恢,1
橦,1
藩,1
邂,1
袒,1
咚,1
喔,1
逭,1
枸,1
贿,1
酗,1
菠,1
浍,1
俨,1
磲,1
衽,1
喁,1
邃,1
馉,1
啖,1
韭,1
憎,1
诂,1
鑨,1
讪,1
羲,1
雹,1
乏,1
咧,1
颉,1
騊,1
炙,1
侈,1
勅,1
泠,1
杌,1
痫,1
鲆,1
茏,1
互,1
靡,1
徜,1
掤,1
甫,1
瞬,1
珉,1
蜋,1
蜷,1
{,1
苾,1
荽,1
窦,1
裾,1
缄,1
樨,1
莹,1
镂,1
捷,1
渚,1
晰,1
瘫,1
碴,1
挹,1
幛,1
蛎,1
闽,1
蹻,1
弁,1
枋,1
桡,1
龛,1
嗗,1
鳝,1
矫,1
咱,1
焙,1
僭,1
逅,1
辐,1
骞,1
焯,1
粲,1
蹑,1
僚,1
擢,1
诨,1
坫,1
鞦,1
汽,1
跼,1
圊,1
璋,1
幄,1
拧,1
杪,1
铳,1
稔,1
褡,1
莉,1
慰,1
鄱,1
琳,1
跎,1
痞,1
恻,1
艎,1
辏,1
鲙,1
讵,1
鷃,1
啈,1
跣,1
蕨,1
璞,1
赆,1
赣,1
饫,1
熝,1
倜,1
鹜,1
辋,1
蜾,1
菑,1
摔,1
柩,1
慷,1
鬘,1
渣,1
沤,1
耨,1
硗,1
恧,1
镵,1
瓴,1
慽,1
袢,1
鲅,1
妁,1
枓,1
跘,1
焜,1
夬,1
毋,1
叛,1
腼,1
搕,1
徘,1
逝,1
谲,1
蘩,1
匿,1
J,1
衍,1
,1
镟,1
绺,1
駬,1
臼,1
騄,1
眭,1
龁,1
肓,1
阜,1
暧,1
憩,1
鸬,1
芬,1
邸,1
棣,1
鬅,1
蔑,1
踘,1
囱,1
鹐,1
鹗,1
赑,1
彭,1
鲂,1
欤,1
镕,1
＋,1
靸,1
鷫,1
陲,1
冈,1
戕,1
糰,1
憨,1
踡,1
鳠,1
呱,1
玨,1
渠,1
,1
纫,1
簆,1
尬,1
蜚,1
宸,1
坞,1
铇,1
柑,1
祚,1
鹁,1
愕,1
窘,1
唝,1
褥,1
刳,1
泌,1
旒,1
煽,1
寮,1
冀,1
槺,1
它,1
沍,1
邵,1
螭,1
趷,1
症,1
蹶,1
币,1
侠,1
瞰,1
郸,1
圩,1
橹,1
杻,1
